INSERT INTO t_pad_usb (id, version) VALUES
  (1000000, '1.0.0'),
  (2000000, '2.1.1'),
  (3000000, '3.2.1');

INSERT INTO t_pad_sound_card (id, version, usb_id) VALUES
  (1000000, '1.0.0', 1000000),
  (2000000, 'A_2.1.1', 2000000),
  (3000000, '3.2.1', 3000000);

INSERT INTO t_pad_os (id, created_at, end_date, name, version) VALUES
  (1000000, CURRENT_TIMESTAMP, NULL, 'Ubuntu','20.04_lts'),
  (2000000, CURRENT_TIMESTAMP, NULL, 'Debian','10_lts'),
  (3000000, CURRENT_TIMESTAMP, NULL, 'ArchLinux','5.4.69-1_lts'),
  (4000000, CURRENT_TIMESTAMP, NULL, 'Manjaro','18.1.0_lts'),
  (5000000, CURRENT_TIMESTAMP, NULL, 'Red Hat Enterprise Linux-RHEL','7'),
  (6000000, CURRENT_TIMESTAMP, NULL, 'CentOS','8.0'),
  (7000000, CURRENT_TIMESTAMP, NULL, 'Windows','10'),
  (8000000, CURRENT_TIMESTAMP, NULL, 'Windows Server','2019'),
  (9000000, CURRENT_TIMESTAMP, NULL, 'Android','11');


INSERT INTO t_pad_computer (id, state, state_date_time, computer_type, created_at, os_id, sound_card_id) VALUES
  (1000000, 'ACTIVE', CURRENT_TIMESTAMP, 'PERSONAL_COMPUTER', CURRENT_TIMESTAMP, 1000000, 1000000),
  (2000000, 'INACTIVE', CURRENT_TIMESTAMP, 'AI_SUPER_PC', CURRENT_TIMESTAMP, 2000000, NULL),
  (3000000, 'DELETED', CURRENT_TIMESTAMP, 'TABLET', CURRENT_TIMESTAMP, 9000000, 2000000),
  (4000000, 'ACTIVE', CURRENT_TIMESTAMP, 'SERVER', CURRENT_TIMESTAMP, 5000000, NULL),
  (5000000, 'INACTIVE', CURRENT_TIMESTAMP, 'WORKSTATION', CURRENT_TIMESTAMP, NULL, NULL),
  (6000000, 'ACTIVE', CURRENT_TIMESTAMP, 'PERSONAL_COMPUTER', CURRENT_TIMESTAMP, 1000000, 3000000),
  (7000000, 'ACTIVE', CURRENT_TIMESTAMP, 'PERSONAL_COMPUTER', CURRENT_TIMESTAMP, 7000000, 1000000),
  (8000000, 'ACTIVE', CURRENT_TIMESTAMP, 'SERVER', CURRENT_TIMESTAMP, 6000000, NULL),
  (9000000, 'ACTIVE', CURRENT_TIMESTAMP, 'SERVER', CURRENT_TIMESTAMP, 3000000, NULL),
  (10000000, 'ACTIVE', CURRENT_TIMESTAMP, 'CELLULAR', CURRENT_TIMESTAMP, 9000000, 2000000),
  (11000000, 'INACTIVE', CURRENT_TIMESTAMP, 'CELLULAR', CURRENT_TIMESTAMP, 9000000, 2000000);

